CREATE TABLE SPASAVATELJ (
  ID            INT PRIMARY KEY AUTO_INCREMENT,
  IME           VARCHAR(50),
  BROJ_TELEFONA VARCHAR(15),
  SPECIJALNOST  INT,
  ISKUSTVO      INT,
  LOKACIJA_LAT  VARCHAR(20),
  LOKACIJA_LNG  VARCHAR(20),
  AKTIVAN       BOOL,
  USERNAME      VARCHAR(25),
  PWORD         VARCHAR(25),
  FB_TOKEN      VARCHAR(100),
  DEV_TOKEN     VARCHAR(500),
  IS_RESCUER    BOOL
);

CREATE TABLE AKCIJA (
  ID_A          INT PRIMARY KEY AUTO_INCREMENT,
  VODITELJ_BROJ VARCHAR(15),
  LOK_LAT       VARCHAR(20),
  LOK_LNG       VARCHAR(20),
  RADIUS        DOUBLE,
  OPIS          VARCHAR(512),
  AKTIVNA       BOOL,
  LOC_MEETING   VARCHAR(100),
  TIME_MEETING  VARCHAR(10),
  PRIO          INT
);

CREATE TABLE SPASAVATELJ_AKCIJA (
  ID_SPASAVATELJ INT,
  ID_AKCIJA      INT,
  PRIHVATIO      BOOL,
  FOREIGN KEY (ID_SPASAVATELJ) REFERENCES PUBLIC.SPASAVATELJ (ID),
  FOREIGN KEY (ID_AKCIJA) REFERENCES PUBLIC.AKCIJA (ID_A)
);

CREATE TABLE USER_LOCATION (
  ID_USER   INT,
  TIMESTAMP BIGINT,
  LOC_LAT   VARCHAR(20),
  LOC_LNG   VARCHAR(20),
  FOREIGN KEY (ID_USER) REFERENCES PUBLIC.SPASAVATELJ (ID),
);

CREATE TABLE TITLE (
  ID_TITLE INT PRIMARY KEY AUTO_INCREMENT,
  VALUE    VARCHAR(50)
);

INSERT INTO SPASAVATELJ
VALUES (1, 'Ante Filakovic', '0993246333', 1, 3, '47.815399', '17.966568', TRUE, 'afilakovic', '1234', '123', NULL, TRUE
);

INSERT INTO SPASAVATELJ
VALUES (2, 'Stefano Kliba', '0993246444', 2, 2, '45.495399', '15.606568', TRUE, 'skliba', '1234', '123', 'dW9CyvjxYKw:APA91bHwih4w0oW-DhJhyeiQ7faYbxWzav4AE909OGTUTgzUYQYjwwN_2Tx0xFfHULJPWg-LslQHCK3cr5D4BOcxM3481Cruph74eBhnZhTGS0OD3-eKNC9dZpErsKAqJRaHG3N7C2tx', TRUE);

INSERT INTO SPASAVATELJ
VALUES (3, 'Mak Muftic', '0993246444', 3, 2, '42.815399', '17.966568', FALSE, 'mmuftic', '1234', '123', NULL, TRUE);

INSERT INTO SPASAVATELJ
VALUES (4, 'Nikol Badanjak', '0993246444', 5, 2, '41.815399', '18.966568', TRUE, 'yololord', '1234', '123', NULL, TRUE);

INSERT INTO SPASAVATELJ
VALUES (5, 'Marko Marić', '0993246444', 2, 3, '44.815399', '14.966568', TRUE, 'lana', '1234', '123', NULL, TRUE);

INSERT INTO SPASAVATELJ
VALUES (6, 'Stefano Drei', '0993246444', 4, 2, '43.815399', '13.966568', TRUE, 'jurcevic', '1234', '123', NULL, TRUE);

INSERT INTO SPASAVATELJ
VALUES (7, 'Ante Josipovic', '0993246444', 7, 3, '44.815399', '14.966568', FALSE, 'asdasd', '1234', '123', NULL, FALSE);

INSERT INTO SPASAVATELJ
VALUES (8, 'Mario Filakovic', '0993246444', 2, 2, '45.915399', '15.966568', TRUE, 'dsadsa', '1234', '123', NULL, TRUE);

INSERT INTO SPASAVATELJ
VALUES (9, 'Matteo Rajkov ', '0993246444', 6, 2, '46.315399', '16.966568', TRUE, 'code', '1234', '123', NULL, FALSE);

INSERT INTO SPASAVATELJ
VALUES (10, 'Mace Muftic', '0993246444', 1, 2, '42.815399', '15.966568', TRUE, 'bonobos', '1234', '123', NULL, TRUE);

INSERT INTO SPASAVATELJ
VALUES (11, 'Stefano Zwei', '0993246444', 1, 2, '45.815399', '15.966568', TRUE, 'skliba2', '1234', '123', NULL, FALSE);

INSERT INTO AKCIJA
VALUES (1, '0993246333', '48.815399', '17.966568', 10, 'Super kul akcija, spasili smo 10 ljudi', TRUE, 'Nazorova 11, Zagreb', '14:00', 1);

INSERT INTO AKCIJA
VALUES (2, '0912314451', '47.815399', '16.966568', 15, 'Super kul akcija, spasili smo 11 ljudi', TRUE, 'Maruliceva 23, Split', '13:30', 2);

INSERT INTO AKCIJA
VALUES (3, '0983276231', '46.815399', '18.966568', 12, 'Super kul akcija, spasili smo 12 ljudi', TRUE, 'Gunduliceva 1, Osijek', '15:00', 0);

INSERT INTO AKCIJA
VALUES (4, '0991146283', '45.815399', '17.966568', 13, 'Super kul akcija, spasili smo 13 ljudi', FALSE, 'Nazorova 11, Rijeka', '16:00', 1);

INSERT INTO AKCIJA
VALUES (5, '0993276231', '48.315399', '17.966568', 14, 'Super kul akcija, spasili smo 14 ljudi', FALSE, 'Nazorova 11, Zapresic', '17:00', 2);

INSERT INTO SPASAVATELJ_AKCIJA
VALUES (1, 1, TRUE);

INSERT INTO SPASAVATELJ_AKCIJA
VALUES (3, 1, TRUE);

INSERT INTO SPASAVATELJ_AKCIJA
VALUES (4, 2, TRUE);

INSERT INTO SPASAVATELJ_AKCIJA
VALUES (5, 2, FALSE);

INSERT INTO SPASAVATELJ_AKCIJA
VALUES (6, 3, TRUE);

INSERT INTO SPASAVATELJ_AKCIJA
VALUES (7, 4, TRUE);

INSERT INTO SPASAVATELJ_AKCIJA
VALUES (8, 5, TRUE);

INSERT INTO USER_LOCATION
VALUES (1, 1495339840874, '15.1124124124', '16.12312312');

INSERT INTO USER_LOCATION
VALUES (1, 1495339840870, '15.112412410', '16.1231230');

INSERT INTO USER_LOCATION
VALUES (1, 1495339800000, '15.1124124', '16.12312');

